x_svgunits,dmochowski_timeseries,poulsen_timeseries,lab_results
151.3230,0.050361,0.060782,0.009800
386.0614,0.039519,0.013814,0.017302
620.7997,0.037647,0.025103,0.006400
855.5381,0.012819,0.013587,0.033814
1090.2764,0.009701,0.033848,0.024981
1325.0148,0.020635,0.039078,0.013278
1559.7532,0.023685,0.021578,-0.016580
1794.4915,0.026067,0.016160,-0.006901
2029.2299,0.029789,0.016140,-0.011406
2263.9683,0.034498,0.005270,0.020807
2498.7066,0.033638,0.004699,0.024277
2733.4450,0.068520,0.042499,0.038121
2968.1833,0.069508,0.061257,0.044549
3202.9217,0.068222,0.060125,0.069323
3437.6601,0.071018,0.074695,0.069892
3672.3984,0.064400,0.070749,0.083394
3907.1368,0.029200,0.042075,0.107802
4141.8752,0.023489,0.017802,0.117346
4376.6135,0.034636,0.020834,0.147975
4611.3519,0.071900,0.054528,0.128641
4846.0902,0.110587,0.101586,0.160068
5080.8286,0.115792,0.119698,0.138528
5315.5670,0.113285,0.136702,0.146317
5550.3053,0.115311,0.173892,0.104337
5785.0437,0.108605,0.167079,0.093633
6019.7821,0.094643,0.148222,0.067925
6254.5204,0.089957,0.143041,0.069431
6489.2588,0.090378,0.133022,0.039184
6723.9971,0.088527,0.105993,0.054554
6958.7355,0.062488,0.085367,0.067101
7193.4739,0.040081,0.061580,0.013171
7428.2122,0.074515,0.060448,0.043826
7662.9506,0.089453,0.099039,0.077646
7897.6889,0.077803,0.081999,0.067935
8132.4273,0.084791,0.054766,0.106602
8367.1657,0.131328,0.052698,0.117237
8601.9040,0.112027,0.056088,0.093366
8836.6424,0.142931,0.079304,0.058274
9071.3808,0.150827,0.094933,0.053346
9306.1191,0.149336,0.117499,0.027230
9540.8575,0.110069,0.120425,0.025102
9775.5958,0.117924,0.107734,0.051955
10010.3342,0.086245,0.036414,0.038292
10245.0726,0.072377,0.102200,0.039092
10479.8109,0.066468,0.113875,0.038669
10714.5493,0.059623,0.120749,0.055980
10949.2877,0.039742,0.138256,0.062281
11184.0260,0.047480,0.125264,0.135064
11418.7644,0.060085,0.134528,0.198406
11653.5027,0.074637,0.144957,0.193082
11888.2411,0.102758,0.182082,0.191424
12122.9795,0.144206,0.195500,0.189794
12357.7178,0.127622,0.166244,0.156428
12592.4562,0.104057,0.108888,0.112084
12827.1946,0.091773,0.092589,0.109413
13061.9329,0.076382,0.058381,0.154700
13296.6713,0.039127,0.029619,0.152692
13531.4096,0.058776,0.037916,0.114428
13766.1480,0.111082,0.060759,0.098112
14000.8864,0.102423,0.053374,0.071651
14235.6247,0.085558,0.043216,0.021994
14470.3631,0.084501,0.044068,0.024962
14705.1015,0.060289,0.039687,0.020091
14939.8398,0.017258,0.021953,0.012059
15174.5782,0.024559,0.028061,0.009756
15409.3165,0.035928,0.027300,0.025653
15644.0549,0.037357,0.032972,0.106067
15878.7933,0.042135,0.040370,0.128783
16113.5316,0.065030,0.042382,0.119322
16348.2700,0.064058,0.038197,0.120985
16583.0083,0.044027,0.039683,0.106057
16817.7467,0.043983,0.051625,0.053634
17052.4851,0.033787,0.055809,0.038344
17287.2234,0.021862,0.060120,0.111870
17521.9618,0.023215,0.062317,0.206068
17756.7002,0.027234,0.093583,0.253552
17991.4385,0.063437,0.118180,0.290894
18226.1769,0.090699,0.155576,0.297702
18460.9152,0.122483,0.183240,0.230016
18695.6536,0.132625,0.184623,0.168171
18930.3920,0.126070,0.145179,0.185144
19165.1303,0.113524,0.117598,0.150269
19399.8687,0.134245,0.121981,0.147522
19634.6071,0.114235,0.125899,0.148867
19869.3454,0.105441,0.120755,0.119418
20104.0838,0.113241,0.112079,0.110513
20338.8221,0.086242,0.102651,0.094447
20573.5605,0.071104,0.065680,0.105989
20808.2989,0.062330,0.060778,0.121656
21043.0372,0.084844,0.061767,0.150729
21277.7756,0.086564,0.087359,0.131865
21512.5140,0.116267,0.090532,0.139134
21747.2523,0.104029,0.069985,0.115946
21981.9907,0.122156,0.051010,0.151793
22216.7290,0.128172,0.061982,0.117135
22451.4674,0.147466,0.049735,0.127909
22686.2058,0.136440,0.076761,0.190768
22920.9441,0.143040,0.144602,0.180986
23155.6825,0.139624,0.204292,0.176537
23390.4208,0.151123,0.219803,0.196766
23625.1592,0.168012,0.255653,0.174563
23859.8976,0.161142,0.258620,0.121035
24094.6359,0.156886,0.215261,0.113382
24329.3743,0.132766,0.185120,0.151119
24564.1127,0.103402,0.159418,0.102055
24798.8510,0.098913,0.098883,0.097374
25033.5894,0.098410,0.062254,0.110022
25268.3277,0.095895,0.040334,0.102421
25503.0661,0.097890,0.019631,0.041326
25737.8045,0.087699,0.023600,0.048057
25972.5428,0.053087,0.029483,0.116485
26207.2812,0.043544,0.057584,0.172205
26442.0196,0.062905,0.121978,0.181686
26676.7579,0.070518,0.138607,0.149625
26911.4963,0.063136,0.109816,0.154248
27146.2346,0.056326,0.114651,0.123033
27380.9730,0.033661,0.095143,0.063910
27615.7114,0.016878,0.045442,0.056724
27850.4497,0.021416,0.027842,0.095696
28085.1881,0.022962,0.034602,0.081471
28319.9265,0.023048,0.006912,0.048777
28554.6648,0.038783,0.025286,0.034469
28789.4032,0.042131,0.058106,0.037530
29024.1415,0.052902,0.078209,0.004263
29258.8799,0.060597,0.081032,0.042443
29493.6183,0.059298,0.080693,0.074349
29728.3566,0.052354,0.073820,0.094450
29963.0950,0.043930,0.063959,0.090496
30197.8334,0.030414,0.069292,0.089703
30432.5717,0.045090,0.089341,0.055113
30667.3101,0.070430,0.087197,0.057044
30902.0484,0.097138,0.083929,0.047950
31136.7868,0.080393,0.074991,0.034612
31371.5252,0.073044,0.081452,0.029125
31606.2635,0.050903,0.073085,0.035675
31841.0019,0.034116,0.070885,-0.006001
32075.7402,0.012913,0.067116,-0.012214
32310.4786,0.025844,0.066444,0.024055
32545.2170,0.111200,0.098212,0.058058
32779.9553,0.130926,0.106791,0.069950
33014.6937,0.142470,0.101182,0.101058
33249.4321,0.163166,0.106431,0.105737
33484.1704,0.154162,0.100023,0.052655
33718.9088,0.095012,0.036270,0.091072
33953.6471,0.128771,0.054765,0.101025
34188.3855,0.126983,0.098694,0.096333
34423.1239,0.104973,0.110728,0.111278
34657.8622,0.110530,0.110713,0.138637
34892.6006,0.095234,0.128001,0.088166
35127.3390,0.041615,0.094961,0.071545
35362.0773,0.021368,0.043653,0.087730
35596.8157,0.014530,0.013477,0.085247
35831.5540,0.010014,0.017370,0.048294
36066.2924,0.013440,0.006594,0.061999
36301.0308,0.038929,0.028918,0.061500
36535.7691,0.059082,0.041758,0.033371
36770.5075,0.055732,0.038662,0.015500
37005.2459,0.050492,0.039006,0.010283
37239.9842,0.027202,0.038045,-0.006166
37474.7226,0.000506,0.026599,-0.002713
37709.4609,0.014959,0.039105,-0.008524
37944.1993,0.033872,0.053796,-0.005456
38178.9377,0.038396,0.037900,-0.002673
38413.6760,0.046634,0.022479,0.002966
38648.4144,0.036754,0.025739,0.002458
38883.1527,0.011018,0.013688,0.002650
39117.8911,-0.001179,0.012256,0.023275
39352.6295,0.019544,0.030382,0.095321
39587.3678,0.032523,0.035215,0.092635
39822.1062,0.043757,0.016213,0.091487
40056.8446,0.057051,0.017113,0.096447
40291.5829,0.049734,0.023764,0.091255
40526.3213,0.019607,0.025607,0.010004
40761.0596,0.028250,0.058732,0.066445
40995.7980,0.025131,0.081650,0.086078
41230.5364,0.037795,0.070015,0.085278
41465.2747,0.047906,0.061648,0.089569
41700.0131,0.067737,0.075044,0.101245
41934.7515,0.059878,0.038412,0.053460
42169.4898,0.054902,0.026017,0.035200
42404.2282,0.059405,0.037864,0.062938
42638.9665,0.057221,0.021857,0.042468
42873.7049,0.048272,0.020650,0.030776
43108.4433,0.032791,0.021980,0.025693
43343.1816,0.044751,0.022382,0.029453
43577.9200,0.029216,0.016317,0.021509
43812.6584,0.030049,0.027616,0.020488
44047.3967,0.039400,0.012003,0.021906
44282.1351,0.055613,0.024780,0.025728
44516.8734,0.044622,0.026581,0.029802
44751.6118,0.041505,0.019876,0.024468
44986.3502,0.033540,0.017015,0.028194
45221.0885,0.009145,0.029095,0.024549
45455.8269,0.001469,0.052156,0.062923
45690.5653,0.006180,0.064799,0.101211
45925.3036,0.014640,0.060090,0.103338
46160.0420,0.032137,0.049309,0.107746
46394.7803,0.042776,0.031012,0.108728
46629.5187,0.044369,-0.000865,0.079278
46864.2571,0.051775,0.003425,0.024457
47098.9954,0.047008,0.020851,0.045855
47333.7338,0.038484,0.035417,0.065698
47568.4721,0.062469,0.044212,0.075876
47803.2105,0.082669,0.037750,0.075023
48037.9489,0.078053,0.021768,0.064161
48272.6872,0.072343,0.008660,0.034783
48507.4256,0.060136,-0.007030,0.005441
48742.1640,0.038346,-0.012352,-0.006006
48976.9023,0.016484,-0.012295,-0.000898
49211.6407,0.024033,-0.012500,-0.010515
49446.3790,0.052420,-0.003480,-0.003016
49681.1174,0.071791,0.009194,-0.000353
49915.8558,0.068760,0.043234,-0.005072
50150.5941,0.078376,0.065214,0.000689
50385.3325,0.065063,0.073367,-0.000586
50620.0709,0.038581,0.076775,0.001195
50854.8092,0.034686,0.077036,0.022271
51089.5476,0.041436,0.039373,0.032973
51324.2859,0.023589,0.038050,0.043552
51559.0243,0.005509,0.045471,0.051992
51793.7627,0.008137,0.051431,0.051667
52028.5010,0.010212,0.043025,0.058814
52263.2394,0.015980,0.038446,0.070117
52497.9778,0.021985,0.027637,0.047560
52732.7161,0.038844,0.031999,0.037496
52967.4545,0.056871,0.021974,0.046449
53202.1928,0.060485,0.031804,0.035403
53436.9312,0.050797,0.034180,0.029569
53671.6696,0.039299,0.028611,0.031919
53906.4079,0.022965,0.007713,0.030697
54141.1463,0.000476,-0.006739,0.008944
54375.8846,-0.006731,-0.009593,0.009717
54610.6230,0.008450,-0.009832,-0.011400
54845.3614,0.014287,-0.004292,-0.020198
55080.0997,0.016789,0.017567,-0.027228
55314.8381,0.029752,0.030656,-0.020590
55549.5765,0.022074,0.054409,-0.013646
55784.3148,0.003156,0.058032,-0.011370
56019.0532,-0.002145,0.069655,-0.009230
56253.7915,-0.011469,0.058164,-0.004824
56488.5299,-0.022527,0.038343,0.012238
56723.2683,-0.018548,0.017880,0.011581
56958.0066,-0.010131,0.030406,0.014298
57192.7450,0.010576,0.058258,0.013633
57427.4834,0.025051,0.077158,0.035764
57662.2217,0.025901,0.097632,0.029487
57896.9601,0.024175,0.099514,0.014310
58131.6984,0.017376,0.080234,0.012792
58366.4368,0.010822,0.043441,0.026459
58601.1752,0.016546,0.022166,0.009179
58835.9135,0.025998,0.008851,0.008190
59070.6519,0.038357,0.018687,0.028344
59305.3903,0.043066,0.037329,0.045808
59540.1286,0.027824,0.044578,0.044651
59774.8670,0.017114,0.069165,0.048643
60009.6053,0.030695,0.115952,0.035140
60244.3437,0.055955,0.162739,0.039143
60479.0821,0.087105,0.195151,0.034624
60713.8204,0.106689,0.201438,0.080402
60948.5588,0.115354,0.175372,0.084363
61183.2972,0.101111,0.135842,0.086074
61418.0355,0.054702,0.062981,0.099689
61652.7739,0.026627,0.022871,0.118241
61887.5122,0.019189,0.037279,0.023984
62122.2506,0.020509,0.078436,0.009387
62356.9890,0.044485,0.075438,0.033569
62591.7273,0.061312,0.116298,0.029708
62826.4657,0.060979,0.123929,0.123541
63061.2040,0.055576,0.104606,0.196978
63295.9424,0.037929,0.081668,0.199203
63530.6808,0.017456,0.081161,0.174714
63765.4191,0.004920,0.021030,0.174480
64000.1575,-0.005305,0.029350,0.110612
64234.8959,0.026990,0.040778,0.056076
64469.6342,0.042194,0.026392,0.057018
64704.3726,0.040439,0.013877,0.066654
64939.1109,0.072105,0.033060,0.055978
65173.8493,0.071543,0.036310,0.039647
65408.5877,0.044649,0.051205,0.031281
65643.3260,0.048562,0.067743,0.026108
65878.0644,0.050411,0.079456,0.029438
66112.8028,0.020246,0.073190,0.038872
66347.5411,0.029231,0.066192,0.054012
66582.2795,0.037605,0.037307,0.066744
66817.0178,0.032718,0.055434,0.070501
67051.7562,0.063739,0.056264,0.017483
67286.4946,0.061060,0.058433,0.009225
67521.2329,0.055975,0.066173,0.030074
67755.9713,0.046692,0.067070,0.024860
67990.7097,0.040618,0.054341,0.014782
68225.4480,0.024928,0.078037,0.029892
68460.1864,0.032859,0.084402,0.035121
68694.9247,0.044334,0.085944,0.041275
68929.6631,0.071404,0.095702,0.071464
69164.4015,0.070311,0.105424,0.084091
69399.1398,0.069746,0.084358,0.077337
69633.8782,0.069822,0.079361,0.070301
69868.6165,0.056004,0.064222,0.021498
70103.3549,0.028460,0.032464,0.005202
70338.0933,0.007842,-0.003235,0.011284
70572.8316,-0.003021,-0.008342,0.033232
70807.5700,-0.011597,-0.003871,0.040474
71042.3084,-0.014577,-0.001418,0.060709
71277.0467,-0.004301,0.002715,0.053628
71511.7851,0.009234,0.037022,0.040507
71746.5234,0.019053,0.050302,0.018775
71981.2618,0.025359,0.042786,0.009103
72216.0002,0.019948,0.041859,0.006278
72450.7385,0.021904,0.042165,0.058231
72685.4769,0.016799,0.027201,0.054162
72920.2153,0.006692,0.007046,0.049905
73154.9536,0.005081,0.007459,0.065757
73389.6920,0.014092,0.008780,0.048997
73624.4303,0.021583,0.022612,0.033534
73859.1687,0.055471,0.030342,0.036275
74093.9071,0.066548,0.051065,0.042687
74328.6454,0.067973,0.065941,0.051910
74563.3838,0.069555,0.077231,0.075920
74798.1222,0.076238,0.061738,0.067709
75032.8605,0.050106,0.072858,0.061581
75267.5989,0.047922,0.077551,0.065800
75502.3372,0.053366,0.105977,0.055997
75737.0756,0.058216,0.113117,0.080709
75971.8140,0.048129,0.118016,0.103714
76206.5523,0.065867,0.099299,0.144123
76441.2907,0.061538,0.089349,0.153794
76676.0291,0.083696,0.051824,0.150484
76910.7674,0.082883,0.039439,0.091362
77145.5058,0.078791,0.015656,0.087559
77380.2441,0.063507,0.031615,0.086071
77614.9825,0.050471,0.025763,0.063990
77849.7209,0.018544,0.026968,0.053840
78084.4592,0.008103,0.041866,0.037470
78319.1976,0.020669,0.080108,0.018704
78553.9359,0.031206,0.067609,-0.014444
78788.6743,0.037896,0.070027,0.011232
79023.4127,0.078626,0.074968,0.033035
79258.1510,0.151613,0.068407,0.054897
79492.8894,0.152917,0.037718,0.077357
79727.6278,0.150076,0.069298,0.073404
79962.3661,0.167927,0.089247,0.117796
80197.1045,0.142851,0.076101,0.131594
80431.8428,0.100793,0.065850,0.120276
80666.5812,0.110029,0.064855,0.133260
80901.3196,0.117317,0.043923,0.126320
81136.0579,0.101216,0.028753,0.074466
81370.7963,0.096043,0.038277,0.049792
81605.5347,0.096349,0.042714,0.045665
81840.2730,0.074325,0.028600,0.025579
82075.0114,0.042153,0.020305,0.078078
82309.7497,0.025328,0.009052,0.067301
82544.4881,0.016502,-0.001998,0.063240
82779.2265,0.002912,-0.001053,0.061236
83013.9648,0.000326,0.021488,0.046822
83248.7032,0.008074,0.024900,0.021971
83483.4416,0.038454,0.063931,0.013945
83718.1799,0.051853,0.091275,0.005148
83952.9183,0.070175,0.102621,0.027007
84187.6566,0.073037,0.077831,0.037118
84422.3950,0.068109,0.069967,0.066320
